region,xmin,xmax,ymin,ymax,zmin,zmax
liver,-122.4229925,192.1168872,-147.5253168,153.6676225,-157.5440621,117.7184434
lt_kidney,-82.90253417,81.02248274,-81.93039632,82.58699438,-102.807812,100.7762442
pancreas,-108.3357364,135.5071176,-77.19070669,99.11649796,-97.15976743,88.47930758
rt_kidney,-79.02151482,81.13963094,-86.16354181,85.53593071,-99.53031281,99.22663925
spleen,-105.4784796,88.93916235,-113.6292809,94.29961212,-102.7734556,98.31148798
